﻿"Site name","URL","Teams","Channel sites","IBMode","Storage used (GB)","Primary admin","Hub","Template","Last activity (UTC)","Date created","Created by","Storage limit (GB)","Storage used (%)","Microsoft 365 group","Files viewed or edited","Page views","Page visits","Files","Sensitivity","External sharing"
"AA Group","https://firstfinancialptyltd.sharepoint.com/sites/AAGroup","True",,"Open","0.00",,"","Team site","4/7/2025 12:00:00 AM","9/23/2019 5:26:30 AM","Rebecca Ruck","25600","0.00","True","0","0","0","23",,"On"
"Accordius","https://firstfinancialptyltd.sharepoint.com/sites/Accordius","False",,"Open","61.07",,"","Team site","7/5/2026 12:00:00 AM","11/7/2024 3:59:32 AM","FIRST FINANCIAL PTY LTD","25600","0.24","True","509","36","7","73693",,"On"
"Accounts APA Advice","https://firstfinancialptyltd.sharepoint.com/sites/AccountsAPAAdvice","False",,"Open","0.00","FIRST FINANCIAL PTY LTD","","Team site (no Microsoft 365 group)",,"11/13/2024 5:19:36 AM","FIRST FINANCIAL PTY LTD","25600","0.00","False","0","0","0","2",,"Off"
"Admin & Ops","https://firstfinancialptyltd.sharepoint.com/sites/admin-ops","False",,"Open","146.87",,"","Team site (no Microsoft 365 group)","7/5/2026 12:00:00 AM","11/13/2024 2:14:36 AM","FIRST FINANCIAL PTY LTD","25600","0.57","True","7154","269","12","49039",,"On"
"Admin APA Advice","https://firstfinancialptyltd.sharepoint.com/sites/AdminAPAAdvice","False",,"Open","0.00","FIRST FINANCIAL PTY LTD","","Team site (no Microsoft 365 group)",,"12/4/2024 4:35:16 AM","FIRST FINANCIAL PTY LTD","25600","0.00","False","0","0","0","2",,"Off"
"Advice & Reward Review","https://firstfinancialptyltd.sharepoint.com/sites/AdviceRewardReview","False",,"Open","0.01","FIRST FINANCIAL PTY LTD","","Team site (no Microsoft 365 group)",,"11/13/2024 5:20:35 AM","FIRST FINANCIAL PTY LTD","25600","0.00","False","0","0","0","4",,"Off"
"Advice Hub","https://firstfinancialptyltd.sharepoint.com/sites/advice-hub","False",,"Open","0.00","FIRST FINANCIAL PTY LTD","","Team site (no Microsoft 365 group)",,"12/4/2024 4:35:57 AM","FIRST FINANCIAL PTY LTD","25600","0.00","False","0","0","0","4",,"Off"
"Advice Hub","https://firstfinancialptyltd.sharepoint.com/sites/advice-hub2","False",,"Open","0.00",,"","Team site","5/1/2025 12:00:00 AM","12/8/2024 3:20:00 AM","Advice Hub Owners","25600","0.00","True","0","0","0","5",,"On"
"Adviser Catch Up Intranet Access","https://firstfinancialptyltd.sharepoint.com/sites/Adviser-catch-ups-intranet-access","False",,"Open","0.00",,"","Team site","7/24/2024 12:00:00 AM","8/22/2022 11:45:00 PM","Adviser Catch Up Intranet Access Owners","25600","0.00","True","0","0","0","8",,"On"
"Advisors","https://firstfinancialptyltd.sharepoint.com/sites/advisorteam","False",,"Open","0.00","FIRST FINANCIAL PTY LTD","","Team site (no Microsoft 365 group)","6/16/2026 12:00:00 AM","11/13/2024 5:16:18 AM","FIRST FINANCIAL PTY LTD","25600","0.00","False","0","1","1","2",,"Off"
"AFG Management","https://firstfinancialptyltd.sharepoint.com/sites/PracticeManagement","False",,"Open","87.93",,"","Team site (no Microsoft 365 group)","7/3/2026 12:00:00 AM","11/13/2024 2:14:39 AM","FIRST FINANCIAL PTY LTD","25600","0.34","True","7","8","4","100279",,"On"
"AFG Management","https://firstfinancialptyltd.sharepoint.com/sites/AFGManagement","False",,"Open","0.68","FIRST FINANCIAL PTY LTD","","Team site (no Microsoft 365 group)","2/22/2026 12:00:00 AM","11/13/2024 5:20:53 AM","FIRST FINANCIAL PTY LTD","25600","0.00","False","0","0","0","617",,"Off"
"AFG Management","https://firstfinancialptyltd.sharepoint.com/sites/AFGManagement9","True",,"Open","0.01",,"","Team site","5/21/2025 12:00:00 AM","12/12/2024 9:57:49 PM","AFG Management Owners","25600","0.00","True","0","0","0","6",,"On"
"AFG Team","https://firstfinancialptyltd.sharepoint.com/sites/afg-team","False",,"Open","2.25","FIRST FINANCIAL PTY LTD","","Team site (no Microsoft 365 group)","6/24/2026 12:00:00 AM","11/13/2024 2:16:07 AM","FIRST FINANCIAL PTY LTD","25600","0.01","False","2","2","1","595",,"Off"
"AFG Team","https://firstfinancialptyltd.sharepoint.com/sites/AFGTeam","True",,"Open","0.06",,"","Team site","7/5/2026 12:00:00 AM","11/13/2024 6:35:36 AM","AFG Team Owners","25600","0.00","True","5","1","1","55",,"On"
"Akambo Event Calendar","https://firstfinancialptyltd.sharepoint.com/sites/akamboeventcalendar","False",,"Open","0.00","FIRST FINANCIAL PTY LTD","","Team site (no Microsoft 365 group)",,"12/4/2024 4:32:35 AM","FIRST FINANCIAL PTY LTD","25600","0.00","False","0","0","0","2",,"Off"
"Akambo HUB","https://firstfinancialptyltd.sharepoint.com/sites/Onboarding2","False",,"Open","0.00","FIRST FINANCIAL PTY LTD","","Communication site",,"12/4/2024 4:33:15 AM","FIRST FINANCIAL PTY LTD","25600","0.00","False","0","0","0","3",,"Off"
"Akambo Lending Solutions","https://firstfinancialptyltd.sharepoint.com/sites/ALS","False",,"Open","72.41",,"","Team site (no Microsoft 365 group)","7/5/2026 12:00:00 AM","11/13/2024 2:17:17 AM","FIRST FINANCIAL PTY LTD","25600","0.28","True","1838","0","0","54974",,"On"
"Akambo Paraplanning","https://firstfinancialptyltd.sharepoint.com/sites/akambo-paraplanning","False",,"Open","102.74",,"","Team site (no Microsoft 365 group)","5/18/2026 12:00:00 AM","11/13/2024 4:10:20 AM","FIRST FINANCIAL PTY LTD","25600","0.40","True","0","0","0","39551",,"On"
"Akambo Portfolio Investment Changes","https://firstfinancialptyltd.sharepoint.com/sites/AkamboPortfolioInvestmentChanges","False",,"Open","0.00","FIRST FINANCIAL PTY LTD","","Team site (no Microsoft 365 group)",,"12/4/2024 4:34:29 AM","FIRST FINANCIAL PTY LTD","25600","0.00","False","0","0","0","4",,"Off"
"Akambo Private Staff","https://firstfinancialptyltd.sharepoint.com/sites/akamboprivatestaff","False",,"Open","0.00",,"","Team site","7/28/2025 12:00:00 AM","12/7/2024 6:41:04 AM","Akambo Private Staff Owners","25600","0.00","True","0","0","0","7",,"On"
"Akambo Sharepoint","https://firstfinancialptyltd.sharepoint.com/sites/AkamboSharepoint","False",,"Open","0.00",,"","Team site","1/16/2025 12:00:00 AM","11/7/2024 3:17:19 AM","FIRST FINANCIAL PTY LTD","25600","0.00","True","0","0","0","3",,"On"
"Akambo Staff","https://firstfinancialptyltd.sharepoint.com/sites/akambostaff","False",,"Open","0.00","FIRST FINANCIAL PTY LTD","","Team site (no Microsoft 365 group)",,"12/4/2024 4:33:58 AM","FIRST FINANCIAL PTY LTD","25600","0.00","False","0","0","0","2",,"Off"
"All Company","https://firstfinancialptyltd.sharepoint.com/sites/AllCompany.3531329.vsiainou","False",,"Open","0.00",,"","Team site","7/30/2024 12:00:00 AM","6/19/2024 8:56:06 AM","All Company Owners","25600","0.00","True","0","0","0","4",,"On"
"All Company","https://firstfinancialptyltd.sharepoint.com/sites/allcompany","False",,"Open","0.00","FIRST FINANCIAL PTY LTD","","Team site (no Microsoft 365 group)",,"12/4/2024 4:34:07 AM","FIRST FINANCIAL PTY LTD","25600","0.00","False","0","0","0","2",,"Off"
"All Staff","https://firstfinancialptyltd.sharepoint.com/sites/AllStaff","True",,"Open","0.02",,"","Team site","7/5/2026 12:00:00 AM","3/24/2020 12:39:31 AM","Katie Stevens","25600","0.00","True","2","12","1","116",,"On"
"ALS Launch Campaign","https://firstfinancialptyltd.sharepoint.com/sites/ALSLaunchCampaign","False",,"Open","0.00","FIRST FINANCIAL PTY LTD","","Team site (no Microsoft 365 group)",,"12/4/2024 4:33:30 AM","FIRST FINANCIAL PTY LTD","25600","0.00","False","0","0","0","2",,"Off"
"Anthony Gorra PM Team Planner","https://firstfinancialptyltd.sharepoint.com/sites/AnthonyGorraPMTeamPlanner","False",,"Open","0.00",,"","Team site",,"4/24/2026 5:22:43 AM","Anthony Gorra PM Team Planner Owners","25600","0.00","True","0","0","0","2",,"On"
"App Catalog","https://firstfinancialptyltd.sharepoint.com/sites/Apps","False",,"Open","0.01","Company Administrator","","App Catalog Site","7/5/2026 12:00:00 AM","10/7/2020 12:31:49 AM","Company Administrator","25600","0.00","False","0","2261","1","8",,"Off"
"APW Advisers","https://firstfinancialptyltd.sharepoint.com/sites/APWAdvisers1932","True",,"Open","0.20",,"","Team site","7/2/2026 12:00:00 AM","11/13/2024 6:35:32 AM","APW Advisers Owners","25600","0.00","True","2","7","2","122",,"On"
"APW Team","https://firstfinancialptyltd.sharepoint.com/sites/apw-team2","True",,"Open","90.52",,"","Team site","7/5/2026 12:00:00 AM","11/13/2024 6:35:35 AM","APW Team Owners","25600","0.35","True","1297","904","11","89955",,"On"
"APWadvisers","https://firstfinancialptyltd.sharepoint.com/sites/APWadvisers","False",,"Open","0.00","FIRST FINANCIAL PTY LTD","","Team site (no Microsoft 365 group)","12/9/2024 12:00:00 AM","11/13/2024 5:16:25 AM","FIRST FINANCIAL PTY LTD","25600","0.00","False","0","0","0","2",,"Off"
"BJ Pod","https://firstfinancialptyltd.sharepoint.com/sites/BJPod","True",,"Open","0.00",,"","Team site","11/12/2025 12:00:00 AM","3/17/2020 1:24:56 AM","Brad Jackson","25600","0.00","True","0","0","0","19",,"On"
"Bloomberg","https://firstfinancialptyltd.sharepoint.com/sites/Bloomberg","False",,"Open","0.00","FIRST FINANCIAL PTY LTD","","Team site (no Microsoft 365 group)",,"12/4/2024 4:36:35 AM","FIRST FINANCIAL PTY LTD","25600","0.00","False","0","0","0","2",,"Off"
"Board Principals","https://firstfinancialptyltd.sharepoint.com/sites/BoardPrincipals","True",,"Implicit","0.00",,"","Team site","11/12/2025 12:00:00 AM","9/24/2020 6:45:46 AM","Board Principals Owners","25600","0.00","True","0","0","0","13",,"On"
"Business Operations","https://firstfinancialptyltd.sharepoint.com/sites/BusinessOperations","True",,"Open","0.01",,"","Team site","6/2/2026 12:00:00 AM","8/27/2025 3:40:50 AM","Business Operations Owners","25600","0.00","True","0","0","0","21",,"On"
"CC Pod","https://firstfinancialptyltd.sharepoint.com/sites/CCPod","True",,"Open","0.03",,"","Team site","7/5/2026 12:00:00 AM","3/17/2020 4:44:52 AM","Chris Crough","25600","0.00","True","1","0","0","32",,"On"
"Centre of Excellence","https://firstfinancialptyltd.sharepoint.com/sites/CentreofExcellence","True",,"Open","0.00",,"","Team site",,"11/13/2024 6:35:33 AM","Centre of Excellence Owners","25600","0.00","True","0","0","0","4",,"On"
"Centre of Excellence","https://firstfinancialptyltd.sharepoint.com/sites/CentreofExcellence2","False",,"Open","0.00","FIRST FINANCIAL PTY LTD","","Team site (no Microsoft 365 group)",,"12/4/2024 4:35:57 AM","FIRST FINANCIAL PTY LTD","25600","0.00","False","0","0","0","2",,"Off"
"Christmas Party","https://firstfinancialptyltd.sharepoint.com/sites/ChristmasParty","False",,"Open","0.00","FIRST FINANCIAL PTY LTD","","Team site (no Microsoft 365 group)",,"12/4/2024 4:35:44 AM","FIRST FINANCIAL PTY LTD","25600","0.00","False","0","0","0","2",,"Off"
"Collins & Co","https://firstfinancialptyltd.sharepoint.com/sites/CollinsCo2","True",,"Open","0.00",,"","Team site","5/1/2025 12:00:00 AM","11/13/2024 6:22:30 AM","Collins & Co Owners","25600","0.00","True","0","0","0","9",,"On"
"Commissions","https://firstfinancialptyltd.sharepoint.com/sites/commissions","False",,"Open","19.61",,"","Team site (no Microsoft 365 group)","7/5/2026 12:00:00 AM","11/13/2024 1:59:39 AM","FIRST FINANCIAL PTY LTD","25600","0.08","True","329","25","3","49139",,"On"
"Compliance","https://firstfinancialptyltd.sharepoint.com/sites/compliance-group2","False",,"Open","0.00","FIRST FINANCIAL PTY LTD","","Team site (no Microsoft 365 group)","6/22/2026 12:00:00 AM","12/4/2024 4:34:38 AM","FIRST FINANCIAL PTY LTD","25600","0.00","False","2","3","3","6",,"Off"
"Compliance","https://firstfinancialptyltd.sharepoint.com/sites/compliance-general","False",,"Open","0.02",,"","Team site","6/22/2026 12:00:00 AM","12/8/2024 6:07:02 AM","Compliance Owners","25600","0.00","True","2","4","3","42",,"On"
"Compliance Management","https://firstfinancialptyltd.sharepoint.com/sites/compliance-management","False",,"Open","26.07","FIRST FINANCIAL PTY LTD","","Team site (no Microsoft 365 group)","7/5/2026 12:00:00 AM","11/13/2024 2:03:37 AM","FIRST FINANCIAL PTY LTD","25600","0.10","False","877","164","8","24533",,"Off"
"Compliance Management","https://firstfinancialptyltd.sharepoint.com/sites/akambofgcompliance","False",,"Open","0.00",,"","Team site","6/28/2026 12:00:00 AM","12/7/2024 6:50:10 AM","Compliance Management Owners","25600","0.00","True","1","0","0","9",,"On"
"Condor Wealth","https://firstfinancialptyltd.sharepoint.com/sites/CondorWealth","False",,"Open","0.00","FIRST FINANCIAL PTY LTD","","Team site (no Microsoft 365 group)",,"12/4/2024 4:32:29 AM","FIRST FINANCIAL PTY LTD","25600","0.00","False","0","0","0","2",,"Off"
"Copy of Onboarding & Induction Process","https://firstfinancialptyltd.sharepoint.com/sites/CopyofOnboardingInductionProcess","False",,"Open","0.00","FIRST FINANCIAL PTY LTD","","Team site (no Microsoft 365 group)",,"11/13/2024 5:20:53 AM","FIRST FINANCIAL PTY LTD","25600","0.00","False","0","0","0","2",,"Off"
"CS Team","https://firstfinancialptyltd.sharepoint.com/sites/CSTeam","True",,"Open","0.01",,"","Team site","6/15/2026 12:00:00 AM","3/17/2020 10:30:13 PM","Emily Still","25600","0.00","True","2","1","1","314",,"On"
"CSM","https://firstfinancialptyltd.sharepoint.com/sites/CSM2","True",,"Open","378.95",,"","Team site","7/5/2026 12:00:00 AM","11/13/2024 6:22:55 AM","CSM Owners","25600","1.48","True","5556","296","11","97361",,"On"
"csm & inv team catch up","https://firstfinancialptyltd.sharepoint.com/sites/csminvteamcatchup","True",,"Open","0.00",,"","Team site",,"11/13/2024 6:22:37 AM","csm & inv team catch up Owners","25600","0.00","True","0","0","0","5",,"On"
"CSMs","https://firstfinancialptyltd.sharepoint.com/sites/csms","False",,"Open","0.00","FIRST FINANCIAL PTY LTD","","Team site (no Microsoft 365 group)","5/8/2026 12:00:00 AM","12/4/2024 4:34:28 AM","FIRST FINANCIAL PTY LTD","25600","0.00","False","0","0","0","6",,"Off"
"Daily Tasks","https://firstfinancialptyltd.sharepoint.com/sites/DailyTasks","False",,"Open","0.00","FIRST FINANCIAL PTY LTD","","Team site (no Microsoft 365 group)",,"12/4/2024 4:34:50 AM","FIRST FINANCIAL PTY LTD","25600","0.00","False","0","0","0","2",,"Off"
"Debbies Crew","https://firstfinancialptyltd.sharepoint.com/sites/Operations24","True",,"Open","0.00",,"","Team site",,"11/13/2024 6:22:47 AM","Debbies Crew Owners","25600","0.00","True","0","0","0","6",,"On"
"DJ Pod","https://firstfinancialptyltd.sharepoint.com/sites/DJPod","True",,"Open","0.00",,"","Team site","12/12/2024 12:00:00 AM","3/17/2020 4:47:24 AM","David Jackson","25600","0.00","True","0","0","0","18",,"On"
"Documents re-branding","https://firstfinancialptyltd.sharepoint.com/sites/Documentsre-branding","False",,"Open","0.00","FIRST FINANCIAL PTY LTD","","Team site (no Microsoft 365 group)",,"11/13/2024 5:14:04 AM","FIRST FINANCIAL PTY LTD","25600","0.00","False","0","0","0","2",,"Off"
"Documents re-branding","https://firstfinancialptyltd.sharepoint.com/sites/documentsre-branding2","False",,"Open","0.00",,"","Team site",,"12/7/2024 6:56:14 AM","Documents re-branding Owners","25600","0.00","True","0","0","0","2",,"On"
"Dream Team","https://firstfinancialptyltd.sharepoint.com/sites/DreamTeam","True",,"Open","0.00",,"","Team site","12/15/2024 12:00:00 AM","3/23/2020 6:34:58 AM","Yasmin Gibson-Hutton","25600","0.00","True","0","0","0","9",,"On"
"Dream Team (Investment + BT)","https://firstfinancialptyltd.sharepoint.com/sites/DreamTeamInvestmentBT","False",,"Open","0.00","FIRST FINANCIAL PTY LTD","","Team site (no Microsoft 365 group)",,"11/13/2024 5:19:23 AM","FIRST FINANCIAL PTY LTD","25600","0.00","False","0","0","0","3",,"Off"
"Dream Team (Investment + BT)","https://firstfinancialptyltd.sharepoint.com/sites/DreamTeamInvestmentBT2","True",,"Open","0.00",,"","Team site","4/11/2025 12:00:00 AM","11/13/2024 6:22:56 AM","Dream Team (Investment + BT) Owners","25600","0.00","True","0","0","0","8",,"On"
"Due Diligence Sharepoint Access","https://firstfinancialptyltd.sharepoint.com/sites/duediligencesharepointaccess","False",,"Open","0.00",,"","Team site","7/24/2024 12:00:00 AM","2/8/2023 2:42:34 AM","Due Diligence Sharepoint Access Owners","25600","0.00","True","0","0","0","6",,"On"
"Duncan's Tasks","https://firstfinancialptyltd.sharepoint.com/sites/DuncansTasks","False",,"Open","0.00","FIRST FINANCIAL PTY LTD","","Team site (no Microsoft 365 group)",,"12/4/2024 4:34:16 AM","FIRST FINANCIAL PTY LTD","25600","0.00","False","0","0","0","2",,"Off"
"DYEEB","https://firstfinancialptyltd.sharepoint.com/sites/DYEEB","False",,"Open","0.00","FIRST FINANCIAL PTY LTD","","Team site (no Microsoft 365 group)",,"11/13/2024 5:20:19 AM","FIRST FINANCIAL PTY LTD","25600","0.00","False","0","0","0","5",,"Off"
"DYEEB","https://firstfinancialptyltd.sharepoint.com/sites/DYEEB2","True",,"Open","0.00",,"","Team site",,"11/13/2024 6:22:32 AM","DYEEB Owners","25600","0.00","True","0","0","0","8",,"On"
"EA-Office Manager Sharepoint Access","https://firstfinancialptyltd.sharepoint.com/sites/EA-Office-Manager-Sharepoint-access","False",,"Open","0.00",,"","Team site","3/8/2023 12:00:00 AM","8/16/2022 2:06:35 AM","EA-Office Manager Sharepoint Access Owners","25600","0.00","True","0","0","0","4",,"On"
"EK47 Action","https://firstfinancialptyltd.sharepoint.com/sites/EK47Action","False",,"Open","0.00","FIRST FINANCIAL PTY LTD","","Team site (no Microsoft 365 group)",,"12/4/2024 4:33:40 AM","FIRST FINANCIAL PTY LTD","25600","0.00","False","0","0","0","2",,"Off"
"Event Planning Checklist","https://firstfinancialptyltd.sharepoint.com/sites/EventPlanningChecklist","False",,"Open","0.00","FIRST FINANCIAL PTY LTD","","Team site (no Microsoft 365 group)",,"12/4/2024 4:32:37 AM","FIRST FINANCIAL PTY LTD","25600","0.00","False","0","0","0","2",,"Off"
"Example Home Topic","https://firstfinancialptyltd.sharepoint.com/sites/ExampleHomeTopic","False",,"Open","0.00","Katie Stevens","","Communication site","6/24/2020 12:00:00 AM","6/24/2020 1:37:15 AM","Katie Stevens","25600","0.00","False","0","0","0","3",,"Off"
"FF/Akambo SubCommittee","https://firstfinancialptyltd.sharepoint.com/sites/FFAkamboSubCommittee","True",,"Open","0.00",,"","Team site","10/18/2023 12:00:00 AM","3/9/2023 10:53:19 PM","FF/Akambo SubCommittee Owners","25600","0.00","True","0","0","0","6",,"On"
"Finance Team","https://firstfinancialptyltd.sharepoint.com/sites/FinanceTeam","True","1","Open","262.88",,"","Team site","7/5/2026 12:00:00 AM","7/18/2022 12:43:53 AM","Finance Team Owners","25600","1.03","True","2313","229","11","127219",,"On"
"First Financial","https://firstfinancialptyltd.sharepoint.com","False",,"Open","31.84","ONGC Systems","","Team site (classic experience)","7/5/2026 12:00:00 AM","12/16/2015 2:56:19 AM","System Account","25600","0.12","False","666","5475","60","39751",,"On"
"First Financial Share","https://firstfinancialptyltd.sharepoint.com/sites/FirstFinancialShare","True",,"Open","0.01",,"","Team site","7/3/2026 12:00:00 AM","9/3/2023 11:57:57 PM","First Financial Share Owners","25600","0.00","True","6","16","5","16",,"On"
"FTS Reset","https://firstfinancialptyltd.sharepoint.com/sites/FTSReset","True",,"Open","0.00",,"","Team site","11/11/2024 12:00:00 AM","6/11/2020 11:56:23 PM","FTS Reset Owners","25600","0.00","True","0","0","0","21",,"On"
"Futex","https://firstfinancialptyltd.sharepoint.com/sites/Futex","False",,"Open","0.00","FIRST FINANCIAL PTY LTD","","Team site (no Microsoft 365 group)",,"12/4/2024 4:36:35 AM","FIRST FINANCIAL PTY LTD","25600","0.00","False","0","0","0","2",,"Off"
"General Marketing","https://firstfinancialptyltd.sharepoint.com/sites/Marketing2","True",,"Open","6.10",,"","Team site","7/5/2026 12:00:00 AM","11/13/2024 6:22:32 AM","General Marketing Owners","25600","0.02","True","113","10","3","1831",,"On"
"Group Operations Team","https://firstfinancialptyltd.sharepoint.com/sites/GroupOperationsTeam","True",,"Open","0.00",,"","Team site","11/10/2025 12:00:00 AM","6/16/2023 7:10:42 AM","Group Operations Team Owners","25600","0.00","True","0","0","0","18",,"On"
"Groups Sample","https://firstfinancialptyltd.sharepoint.com/sites/GroupsSample","False",,"Open","0.00","FIRST FINANCIAL PTY LTD","","Team site (no Microsoft 365 group)",,"12/4/2024 4:33:51 AM","FIRST FINANCIAL PTY LTD","25600","0.00","False","0","0","0","2",,"Off"
"HR Jobs","https://firstfinancialptyltd.sharepoint.com/sites/HRJobs","False",,"Open","0.01",,"","Team site","6/24/2026 12:00:00 AM","10/26/2023 11:04:15 PM","HR Jobs Owners","25600","0.00","True","4","1","1","30",,"On"
"HR Team","https://firstfinancialptyltd.sharepoint.com/sites/HRTeam","True",,"Open","10.77",,"","Team site","7/5/2026 12:00:00 AM","7/18/2022 12:42:41 AM","HR Team Owners","25600","0.04","True","149","9","4","17279",,"On"
"Ideas","https://firstfinancialptyltd.sharepoint.com/sites/Ideas","False",,"Open","0.00","FIRST FINANCIAL PTY LTD","","Team site (no Microsoft 365 group)",,"12/4/2024 4:32:29 AM","FIRST FINANCIAL PTY LTD","25600","0.00","False","0","0","0","2",,"Off"
"Implementation Outstanding","https://firstfinancialptyltd.sharepoint.com/sites/ImplementationOutstanding","False",,"Open","0.00","FIRST FINANCIAL PTY LTD","","Team site (no Microsoft 365 group)",,"12/4/2024 4:34:33 AM","FIRST FINANCIAL PTY LTD","25600","0.00","False","0","0","0","2",,"Off"
"Implementation Trial","https://firstfinancialptyltd.sharepoint.com/sites/ImplementationTrial","False",,"Open","0.00","FIRST FINANCIAL PTY LTD","","Team site (no Microsoft 365 group)",,"12/4/2024 4:32:43 AM","FIRST FINANCIAL PTY LTD","25600","0.00","False","0","0","0","2",,"Off"
"Implementations","https://firstfinancialptyltd.sharepoint.com/sites/Implementations","True",,"Open","0.03",,"","Team site","2/20/2025 12:00:00 AM","11/13/2024 6:22:37 AM","Implementations Owners","25600","0.00","True","0","0","0","8",,"On"
"Innovations & Ideas","https://firstfinancialptyltd.sharepoint.com/sites/InnovationsIdeas","False",,"Open","0.00","FIRST FINANCIAL PTY LTD","","Team site (no Microsoft 365 group)",,"11/13/2024 5:15:25 AM","FIRST FINANCIAL PTY LTD","25600","0.00","False","0","0","0","2",,"Off"
"Innovations & Ideas","https://firstfinancialptyltd.sharepoint.com/sites/innovationsideas2","False",,"Open","0.00",,"","Team site",,"12/7/2024 7:18:16 AM","Innovations & Ideas Owners","25600","0.00","True","0","0","0","2",,"On"
"Intranet Operations","https://firstfinancialptyltd.sharepoint.com/sites/IntranetOperations","False",,"Open","0.00",,"","Team site","5/2/2025 12:00:00 AM","9/21/2022 1:23:51 AM","Intranet Opertations Owners","25600","0.00","True","0","0","0","10",,"On"
"Intranet Test","https://firstfinancialptyltd.sharepoint.com/sites/IntranetTest","True",,"Open","0.03",,"","Team site","7/2/2026 12:00:00 AM","6/5/2020 5:14:59 AM","Intranet Test Owners","25600","0.00","True","0","1","1","43",,"On"
"Investment Committee","https://firstfinancialptyltd.sharepoint.com/sites/InvestmentCommittee","True",,"Open","0.00",,"","Team site","5/9/2025 12:00:00 AM","3/31/2020 8:56:07 PM","Ilana Donde","25600","0.00","True","0","0","0","22",,"On"
"Investment Management Page","https://firstfinancialptyltd.sharepoint.com/sites/InvestmentManagementPage","False",,"Open","0.00","FIRST FINANCIAL PTY LTD","","Team site (no Microsoft 365 group)",,"11/13/2024 5:21:59 AM","FIRST FINANCIAL PTY LTD","25600","0.00","False","0","0","0","2",,"Off"
"Investment Orders","https://firstfinancialptyltd.sharepoint.com/sites/InvestmentOrders","False",,"Open","0.00","FIRST FINANCIAL PTY LTD","","Team site (no Microsoft 365 group)",,"11/13/2024 5:19:59 AM","FIRST FINANCIAL PTY LTD","25600","0.00","False","0","0","0","3",,"Off"
"Investment Orders","https://firstfinancialptyltd.sharepoint.com/sites/InvestmentOrders2","True",,"Open","0.00",,"","Team site","2/20/2025 12:00:00 AM","11/13/2024 6:22:50 AM","Investment Orders Owners","25600","0.00","True","0","0","0","8",,"On"
"Investment Team","https://firstfinancialptyltd.sharepoint.com/sites/InvestmentTeam","False",,"Open","0.00","FIRST FINANCIAL PTY LTD","","Team site (no Microsoft 365 group)","12/10/2024 12:00:00 AM","11/13/2024 5:15:04 AM","FIRST FINANCIAL PTY LTD","25600","0.00","False","0","0","0","2",,"Off"
"IT Projects","https://firstfinancialptyltd.sharepoint.com/sites/ITProjects","False",,"Open","0.00",,"","Team site",,"7/14/2021 6:50:55 AM","IT Projects Owners","25600","0.00","True","0","0","0","4",,"On"
"IT Support - Planner","https://firstfinancialptyltd.sharepoint.com/sites/supportplanner","False",,"Open","0.00",,"","Team site","6/19/2025 12:00:00 AM","6/19/2025 2:32:33 AM","IT Support - Planner Owners","25600","0.00","True","0","0","0","3",,"On"
"Jason & Kim Baxter","https://firstfinancialptyltd.sharepoint.com/sites/JasonKimBaxter","False",,"Open","0.00","FIRST FINANCIAL PTY LTD","","Team site (no Microsoft 365 group)",,"12/4/2024 4:36:46 AM","FIRST FINANCIAL PTY LTD","25600","0.00","False","0","0","0","2",,"Off"
"Joint Venture Contacts","https://firstfinancialptyltd.sharepoint.com/sites/jointventurecontacts","False",,"Open","0.00","FIRST FINANCIAL PTY LTD","","Team site (no Microsoft 365 group)",,"12/4/2024 4:34:58 AM","FIRST FINANCIAL PTY LTD","25600","0.00","False","0","0","0","2",,"Off"
"Jonathan Henderson Team Planner","https://firstfinancialptyltd.sharepoint.com/sites/JonathanHendersonTeamPlanner","False",,"Open","0.00",,"","Team site",,"2/8/2026 9:52:08 PM","Jonathan Henderson Team Planner Owners","25600","0.00","True","0","0","0","2",,"On"
"Kap, Joe & Sar","https://firstfinancialptyltd.sharepoint.com/sites/KapTimSar","True",,"Open","0.00",,"","Team site","12/9/2024 12:00:00 AM","11/13/2024 6:22:31 AM","Kap, Joe & Sar Owners","25600","0.00","True","0","0","0","10",,"On"
"Licensing Team","https://firstfinancialptyltd.sharepoint.com/sites/Licensingteam","False",,"Open","17.28",,"","Team site (no Microsoft 365 group)","7/3/2026 12:00:00 AM","11/13/2024 1:58:11 AM","FIRST FINANCIAL PTY LTD","25600","0.07","True","160","206","9","4260",,"On"
"Luke Broxton Team Planner","https://firstfinancialptyltd.sharepoint.com/sites/LukeBroxtonTeamPlanner","False",,"Open","0.00",,"","Team site",,"2/25/2026 8:23:35 AM","Luke Broxton Team Planner Owners","25600","0.00","True","0","0","0","2",,"On"
"Mac attack","https://firstfinancialptyltd.sharepoint.com/sites/Macattack","False",,"Open","0.00","FIRST FINANCIAL PTY LTD","","Team site (no Microsoft 365 group)",,"11/13/2024 5:16:59 AM","FIRST FINANCIAL PTY LTD","25600","0.00","False","0","0","0","2",,"Off"
"management","https://firstfinancialptyltd.sharepoint.com/sites/management","False",,"Open","0.00","FIRST FINANCIAL PTY LTD","","Team site (no Microsoft 365 group)","9/17/2025 12:00:00 AM","11/13/2024 5:20:17 AM","FIRST FINANCIAL PTY LTD","25600","0.00","False","0","0","0","4",,"Off"
"management","https://firstfinancialptyltd.sharepoint.com/sites/management2","True",,"Open","0.00",,"","Team site","10/3/2025 12:00:00 AM","11/13/2024 6:22:55 AM","management Owners","25600","0.00","True","0","0","0","8",,"On"
"Management Operations Sharepoint Access","https://firstfinancialptyltd.sharepoint.com/sites/management-operations-sharepoint-access","False",,"Open","0.00",,"","Team site","10/14/2025 12:00:00 AM","8/16/2022 1:58:50 AM","Management Operations Sharepoint Access Owners","25600","0.00","True","0","0","0","10",,"On"
"Mangement Meetings","https://firstfinancialptyltd.sharepoint.com/sites/MangementMeetings","False",,"Open","0.00","FIRST FINANCIAL PTY LTD","","Team site (no Microsoft 365 group)",,"12/4/2024 4:33:52 AM","FIRST FINANCIAL PTY LTD","25600","0.00","False","0","0","0","2",,"Off"
"Marketing Coordinator - Knowledge Transfer","https://firstfinancialptyltd.sharepoint.com/sites/MarketingCoordinator-KnowledgeTransfer","False",,"Open","0.00","FIRST FINANCIAL PTY LTD","","Team site (no Microsoft 365 group)",,"12/4/2024 4:33:37 AM","FIRST FINANCIAL PTY LTD","25600","0.00","False","0","0","0","2",,"Off"
"Marketing Plan","https://firstfinancialptyltd.sharepoint.com/sites/MarketingPlan","False",,"Open","0.00","FIRST FINANCIAL PTY LTD","","Team site (no Microsoft 365 group)",,"12/4/2024 4:33:36 AM","FIRST FINANCIAL PTY LTD","25600","0.00","False","0","0","0","2",,"Off"
"MFA - Allowed Countries - China","https://firstfinancialptyltd.sharepoint.com/sites/MFAAllowedCountriesChina","False",,"Open","0.00","FIRST FINANCIAL PTY LTD","","Team site (no Microsoft 365 group)",,"12/4/2024 4:36:34 AM","FIRST FINANCIAL PTY LTD","25600","0.00","False","0","0","0","2",,"Off"
"MFA Group","https://firstfinancialptyltd.sharepoint.com/sites/MFATestGroup","False",,"Open","0.00","FIRST FINANCIAL PTY LTD","","Team site (no Microsoft 365 group)",,"12/4/2024 4:34:33 AM","FIRST FINANCIAL PTY LTD","25600","0.00","False","0","0","0","2",,"Off"
"MFC Progress Tracker","https://firstfinancialptyltd.sharepoint.com/sites/MFCProgressTracker","False",,"Open","0.00",,"","Team site",,"5/7/2024 5:07:04 AM","MFC Progress Tracker Owners","25600","0.00","True","0","0","0","2",,"On"
"Monthly Pod Meetings","https://firstfinancialptyltd.sharepoint.com/sites/Monthly-Pod-Meetings-Intranet-Access","False",,"Open","0.00",,"","Team site",,"8/23/2022 12:43:23 AM","Monthly Pod Meetings Owners","25600","0.00","True","0","0","0","4",,"On"
"Morrows-Accordius","https://firstfinancialptyltd.sharepoint.com/sites/Morrows-Accordius","False",,"Open","0.42",,"","Team site (no Microsoft 365 group)","5/29/2026 12:00:00 AM","11/13/2024 1:58:30 AM","FIRST FINANCIAL PTY LTD","25600","0.00","True","0","0","0","1314",,"On"
"New Business Advisers","https://firstfinancialptyltd.sharepoint.com/sites/NewBusinessAdvisers","False",,"Open","0.00","FIRST FINANCIAL PTY LTD","","Team site (no Microsoft 365 group)",,"12/4/2024 4:35:03 AM","FIRST FINANCIAL PTY LTD","25600","0.00","False","0","0","0","2",,"Off"
"New Xplan Layout","https://firstfinancialptyltd.sharepoint.com/sites/NewXplanLayout","False",,"Open","0.00","FIRST FINANCIAL PTY LTD","","Team site (no Microsoft 365 group)",,"12/4/2024 4:34:09 AM","FIRST FINANCIAL PTY LTD","25600","0.00","False","0","0","0","2",,"Off"
"Not AR's or staff","https://firstfinancialptyltd.sharepoint.com/sites/notarsorstaff","False",,"Open","0.00","FIRST FINANCIAL PTY LTD","","Team site (no Microsoft 365 group)",,"12/4/2024 4:34:16 AM","FIRST FINANCIAL PTY LTD","25600","0.00","False","0","0","0","4",,"Off"
"Office Management","https://firstfinancialptyltd.sharepoint.com/sites/OfficeManagement","False",,"Open","0.00",,"","Team site","1/21/2025 12:00:00 AM","5/24/2021 11:23:27 PM","Office Management Owners","25600","0.00","True","0","0","0","16",,"On"
"Office Move","https://firstfinancialptyltd.sharepoint.com/sites/OfficeMove","True",,"Open","0.00",,"","Team site","12/12/2024 12:00:00 AM","11/13/2024 6:22:51 AM","Office Move Owners","25600","0.00","True","0","0","0","4",,"On"
"Office Move","https://firstfinancialptyltd.sharepoint.com/sites/OfficeMove2","False",,"Open","0.00","FIRST FINANCIAL PTY LTD","","Team site (no Microsoft 365 group)",,"12/4/2024 4:31:56 AM","FIRST FINANCIAL PTY LTD","25600","0.00","False","0","0","0","2",,"Off"
"Office Move 90 Collins Street","https://firstfinancialptyltd.sharepoint.com/sites/OfficeMove90CollinsStreet","False",,"Open","0.00","FIRST FINANCIAL PTY LTD","","Team site (no Microsoft 365 group)",,"12/4/2024 4:36:43 AM","FIRST FINANCIAL PTY LTD","25600","0.00","False","0","0","0","2",,"Off"
"Office Tasks","https://firstfinancialptyltd.sharepoint.com/sites/OfficeTasks","False",,"Open","0.01",,"","Team site","1/8/2025 12:00:00 AM","7/12/2023 10:48:53 PM","Office Tasks Owners","25600","0.00","True","0","0","0","12",,"On"
"Onboarding","https://firstfinancialptyltd.sharepoint.com/sites/Onboarding","True",,"Open","0.00",,"","Team site",,"11/13/2024 6:22:32 AM","Onboarding Owners","25600","0.00","True","0","0","0","6",,"On"
"Onboarding & induction process","https://firstfinancialptyltd.sharepoint.com/sites/Onboardinginductionprocess","False",,"Open","0.00","FIRST FINANCIAL PTY LTD","","Team site (no Microsoft 365 group)",,"12/4/2024 4:35:03 AM","FIRST FINANCIAL PTY LTD","25600","0.00","False","0","0","0","2",,"Off"
"Onboarding Process","https://firstfinancialptyltd.sharepoint.com/sites/OnboardingProcess","False",,"Open","0.00","FIRST FINANCIAL PTY LTD","","Team site (no Microsoft 365 group)",,"12/4/2024 4:35:28 AM","FIRST FINANCIAL PTY LTD","25600","0.00","False","0","0","0","2",,"Off"
"Operations","https://firstfinancialptyltd.sharepoint.com/sites/Operations","True",,"Open","130.47",,"","Team site","7/5/2026 12:00:00 AM","5/24/2021 11:24:05 PM","Operations Owners","25600","0.51","True","722","315","11","81831",,"On"
"Operations","https://firstfinancialptyltd.sharepoint.com/sites/Operations5172","True","1","Open","0.06",,"","Team site","6/25/2026 12:00:00 AM","11/13/2024 6:08:02 AM","Operations Owners","25600","0.00","True","1","0","0","48",,"On"
"Operations & Practice Management","https://firstfinancialptyltd.sharepoint.com/sites/OperationsPracticeManagement","False",,"Open","0.00","FIRST FINANCIAL PTY LTD","","Team site (no Microsoft 365 group)",,"12/4/2024 4:35:23 AM","FIRST FINANCIAL PTY LTD","25600","0.00","False","0","0","0","2",,"Off"
"Operations Project Management","https://firstfinancialptyltd.sharepoint.com/sites/FeeConsentDec2021","True",,"Open","0.02",,"","Team site",,"11/13/2024 6:23:09 AM","Operations Project Management Owners","25600","0.00","True","0","0","0","20",,"On"
"Operations Projects","https://firstfinancialptyltd.sharepoint.com/sites/OperationsProjects","False",,"Open","0.00","FIRST FINANCIAL PTY LTD","","Team site (no Microsoft 365 group)",,"12/4/2024 4:35:31 AM","FIRST FINANCIAL PTY LTD","25600","0.00","False","0","0","0","2",,"Off"
"Ops","https://firstfinancialptyltd.sharepoint.com/sites/Ops","True",,"Open","0.01",,"","Team site","1/20/2026 12:00:00 AM","8/20/2019 10:12:59 PM","Karen Perfecto","25600","0.00","True","0","0","0","35",,"On"
"Ops Projects","https://firstfinancialptyltd.sharepoint.com/sites/OpsProjects260","False",,"Open","0.01",,"","Team site","10/14/2025 12:00:00 AM","7/12/2023 9:52:42 PM","Ops Projects Owners","25600","0.00","True","0","0","0","20",,"On"
"Ops+DB","https://firstfinancialptyltd.sharepoint.com/sites/OpsDB","True",,"Open","0.01",,"","Team site","10/14/2025 12:00:00 AM","11/13/2024 6:07:58 AM","Ops+DB Owners","25600","0.00","True","0","0","0","10",,"On"
"Order of the Golden Eagle","https://firstfinancialptyltd.sharepoint.com/sites/OrderoftheGoldenEagle","True",,"Open","0.00",,"","Team site","10/14/2025 12:00:00 AM","11/13/2024 6:07:57 AM","Order of the Golden Eagle Owners","25600","0.00","True","0","0","0","13",,"On"
"Order of the Golden Eagle","https://firstfinancialptyltd.sharepoint.com/sites/OrderoftheGoldenEagle717","True",,"Open","0.00",,"","Team site","12/15/2024 12:00:00 AM","11/13/2024 6:07:57 AM","Order of the Golden Eagle Owners","25600","0.00","True","0","0","0","6",,"On"
"OTPlugins","https://firstfinancialptyltd.sharepoint.com/sites/OTPlugins","False",,"Open","0.00",,"","Team site","8/8/2024 12:00:00 AM","6/15/2021 1:26:43 AM","OTPlugins Owners","25600","0.00","True","0","0","0","10",,"On"
"Outlook Customer Manager","https://firstfinancialptyltd.sharepoint.com/sites/AllSalesTeam-c036c9b0-d80c-423b-afed-8642ce2d6076","False",,"Open","0.00",,"","Team site","7/24/2024 12:00:00 AM","11/30/2018 2:39:55 AM","Ryan Keenan","25600","0.00","True","0","0","0","6",,"On"
"Paraplanning Team","https://firstfinancialptyltd.sharepoint.com/sites/ParaplanningTeam","True",,"Open","0.00",,"","Team site","7/30/2025 12:00:00 AM","7/15/2019 12:10:50 AM","Hayley Wong","25600","0.00","True","0","0","0","22",,"On"
"Paraplanning Team Folder Access - Akambo","https://firstfinancialptyltd.sharepoint.com/sites/ParaplanningWorkflowTrackerAccess-External","False",,"Open","0.00",,"","Team site","11/6/2024 12:00:00 AM","5/9/2024 11:26:47 PM","Paraplanning Workflow Tracker Access - External Owners","25600","0.00","True","0","0","0","7",,"On"
"Personal","https://firstfinancialptyltd.sharepoint.com/sites/Personal","False",,"Open","0.00",,"","Team site","7/30/2024 12:00:00 AM","7/13/2021 3:54:57 AM","Personal Owners","25600","0.00","True","0","0","0","4",,"On"
"Personal","https://firstfinancialptyltd.sharepoint.com/sites/Personal693","False",,"Open","0.00",,"","Team site","7/30/2024 12:00:00 AM","2/13/2023 10:10:27 PM","Personal Owners","25600","0.00","True","0","0","0","4",,"On"
"Personal","https://firstfinancialptyltd.sharepoint.com/sites/Personal590","False",,"Open","0.00",,"","Team site","7/30/2024 12:00:00 AM","2/22/2024 2:59:17 AM","Personal Owners","25600","0.00","True","0","0","0","4",,"On"
"Perth Investment Seminar 19-20 October 2022","https://firstfinancialptyltd.sharepoint.com/sites/PerthInvestmentSeminar19-20October2022","False",,"Open","0.00","FIRST FINANCIAL PTY LTD","","Team site (no Microsoft 365 group)",,"12/4/2024 4:35:20 AM","FIRST FINANCIAL PTY LTD","25600","0.00","False","0","0","0","2",,"Off"
"Portfolio Management Sub Committee","https://firstfinancialptyltd.sharepoint.com/sites/PortfolioManagementSubCommittee","False",,"Open","0.72","FIRST FINANCIAL PTY LTD","","Team site (no Microsoft 365 group)",,"11/13/2024 5:15:56 AM","FIRST FINANCIAL PTY LTD","25600","0.00","False","0","0","0","479",,"Off"
"Portfolio Management Sub Committee","https://firstfinancialptyltd.sharepoint.com/sites/PortfolioManagementSubCommittee2","True",,"Open","0.73",,"","Team site","7/5/2026 12:00:00 AM","11/13/2024 6:08:02 AM","Portfolio Management Sub Committee Owners","25600","0.00","True","6","0","0","568",,"On"
"Portfolio Operations Team","https://firstfinancialptyltd.sharepoint.com/sites/PortfolioOperationsTeam","True",,"Open","0.00",,"","Team site","12/10/2024 12:00:00 AM","11/13/2024 6:07:57 AM","Portfolio Operations Team Owners","25600","0.00","True","0","0","0","9",,"On"
"PPP","https://firstfinancialptyltd.sharepoint.com/sites/PPP","True",,"Open","0.00",,"","Team site",,"11/13/2024 6:08:16 AM","PPP Owners","25600","0.00","True","0","0","0","6",,"On"
"Practice Management","https://firstfinancialptyltd.sharepoint.com/sites/apa-practice-management","False",,"Open","14.04",,"","Team site (no Microsoft 365 group)","7/5/2026 12:00:00 AM","11/13/2024 2:18:47 AM","FIRST FINANCIAL PTY LTD","25600","0.05","True","221","66","5","13663",,"On"
"Principals MGT team","https://firstfinancialptyltd.sharepoint.com/sites/PrincipalsMGTteam","True",,"Open","0.00",,"","Team site","8/19/2025 12:00:00 AM","3/30/2020 11:33:43 PM","Ben Rossi","25600","0.00","True","0","0","0","20",,"On"
"Principals team chat","https://firstfinancialptyltd.sharepoint.com/sites/Principalsteamchat","True",,"Open","0.00",,"","Team site","1/9/2025 12:00:00 AM","3/26/2020 11:37:34 PM","Chris Crough","25600","0.00","True","0","0","0","13",,"On"
"Project & Process","https://firstfinancialptyltd.sharepoint.com/sites/ProjectProcess","False",,"Open","0.00",,"","Team site",,"7/17/2024 3:31:30 AM","Project & Process Owners","25600","0.00","True","0","0","0","6",,"On"
"Project Review Pack","https://firstfinancialptyltd.sharepoint.com/sites/ProjectReviewPack","True",,"Open","0.00",,"","Team site",,"11/13/2024 6:08:08 AM","Project Review Pack Owners","25600","0.00","True","0","0","0","12",,"On"
"Project Web App","https://firstfinancialptyltd.sharepoint.com/sites/pwa","False",,"Open","0.13","Company Administrator","","Project Web App Site",,"9/4/2025 3:28:15 AM","Company Administrator","25600","0.00","False","0","0","0","464",,"Off"
"Prospect Clients","https://firstfinancialptyltd.sharepoint.com/sites/ProspectClients","False",,"Open","0.00","FIRST FINANCIAL PTY LTD","","Team site (no Microsoft 365 group)",,"12/4/2024 4:33:12 AM","FIRST FINANCIAL PTY LTD","25600","0.00","False","0","0","0","2",,"Off"
"Prospect Partnerships","https://firstfinancialptyltd.sharepoint.com/sites/ProspectPartnerships","False",,"Open","0.00","FIRST FINANCIAL PTY LTD","","Team site (no Microsoft 365 group)",,"12/4/2024 4:47:17 AM","FIRST FINANCIAL PTY LTD","25600","0.00","False","0","0","0","2",,"Off"
"Review Meeting Booking List","https://firstfinancialptyltd.sharepoint.com/sites/ReviewMeetingBookingList","False",,"Open","0.00",,"","Team site",,"6/3/2017 10:38:05 AM","Sera Varea","25600","0.00","True","0","0","0","2",,"On"
"RM","https://firstfinancialptyltd.sharepoint.com/sites/RM","True",,"Open","0.00",,"","Team site","9/11/2023 12:00:00 AM","3/18/2020 12:53:24 AM","Ilana Donde","25600","0.00","True","0","0","0","9",,"On"
"ROAs","https://firstfinancialptyltd.sharepoint.com/sites/ROAs","False",,"Open","0.00",,"","Team site","7/25/2017 12:00:00 AM","6/3/2017 10:11:37 AM","Sera Varea","25600","0.00","True","0","0","0","3",,"On"
"Roel & Hayley","https://firstfinancialptyltd.sharepoint.com/sites/RoelHayley","True",,"Open","0.00",,"","Team site","11/3/2021 12:00:00 AM","11/10/2020 10:21:59 PM","Roel & Hayley Owners","25600","0.00","True","0","0","0","8",,"On"
"SAEL Team 6","https://firstfinancialptyltd.sharepoint.com/sites/SAELTeam6","False",,"Open","0.00","FIRST FINANCIAL PTY LTD","","Team site (no Microsoft 365 group)",,"12/4/2024 4:34:18 AM","FIRST FINANCIAL PTY LTD","25600","0.00","False","0","0","0","2",,"Off"
"Sage","https://firstfinancialptyltd.sharepoint.com/sites/Sage","True",,"Open","0.00",,"","Team site",,"11/13/2024 6:07:57 AM","Sage Owners","25600","0.00","True","0","0","0","5",,"On"
"SC Projects","https://firstfinancialptyltd.sharepoint.com/sites/SCProjects","False",,"Open","0.00",,"","Team site","5/18/2023 12:00:00 AM","2/13/2023 10:27:18 PM","SC Projects Owners","25600","0.00","True","0","0","0","5",,"On"
"Serving Advisers","https://firstfinancialptyltd.sharepoint.com/sites/ServingAdvisers","False",,"Open","0.00","FIRST FINANCIAL PTY LTD","","Team site (no Microsoft 365 group)","12/8/2024 12:00:00 AM","12/4/2024 4:32:41 AM","FIRST FINANCIAL PTY LTD","25600","0.00","False","0","0","0","2",,"Off"
"Shaun's Tasks","https://firstfinancialptyltd.sharepoint.com/sites/ShaunsTasks","False",,"Open","0.00","FIRST FINANCIAL PTY LTD","","Team site (no Microsoft 365 group)","12/11/2024 12:00:00 AM","12/4/2024 4:32:46 AM","FIRST FINANCIAL PTY LTD","25600","0.00","False","0","0","0","2",,"Off"
"SMSF","https://firstfinancialptyltd.sharepoint.com/sites/SMSF","True",,"Open","0.00",,"","Team site","5/6/2026 12:00:00 AM","5/4/2020 2:28:12 AM","SMSF Owners","25600","0.00","True","0","0","0","17",,"On"
"SOA Implementations","https://firstfinancialptyltd.sharepoint.com/sites/SOAImplementations","False",,"Open","0.00",,"","Team site","7/30/2024 12:00:00 AM","6/3/2017 10:36:15 AM","Sera Varea","25600","0.00","True","0","0","0","4",,"On"
"SOA Log","https://firstfinancialptyltd.sharepoint.com/sites/SOALog","False",,"Open","0.00",,"","Team site",,"4/8/2023 12:38:36 PM","SOA Log Owners","25600","0.00","True","0","0","0","2",,"On"
"SOAs","https://firstfinancialptyltd.sharepoint.com/sites/SOAs","False",,"Open","0.00",,"","Team site","7/30/2024 12:00:00 AM","6/3/2017 10:15:33 AM","Sera Varea","25600","0.00","True","0","0","0","7",,"On"
"Social Committee","https://firstfinancialptyltd.sharepoint.com/sites/SocialCommittee","False",,"Open","0.00","FIRST FINANCIAL PTY LTD","","Team site (no Microsoft 365 group)",,"12/4/2024 4:33:58 AM","FIRST FINANCIAL PTY LTD","25600","0.00","False","0","0","0","2",,"Off"
"Suntax","https://firstfinancialptyltd.sharepoint.com/sites/Suntax","True",,"Open","0.02",,"","Team site","12/9/2024 12:00:00 AM","11/13/2024 6:07:57 AM","Suntax Owners","25600","0.00","True","0","0","0","24",,"On"
"Super","https://firstfinancialptyltd.sharepoint.com/sites/Super","True",,"Open","0.00",,"","Team site","5/26/2025 12:00:00 AM","7/24/2022 11:22:44 PM","Super Owners","25600","0.00","True","0","0","0","66",,"On"
"TBT Accounting","https://firstfinancialptyltd.sharepoint.com/sites/TBTAccounting","False",,"Open","0.00","FIRST FINANCIAL PTY LTD","","Team site (no Microsoft 365 group)",,"12/4/2024 4:34:23 AM","FIRST FINANCIAL PTY LTD","25600","0.00","False","0","0","0","2",,"Off"
"Team CC BJ","https://firstfinancialptyltd.sharepoint.com/sites/TeamCCBJ","True",,"Open","0.00",,"","Team site",,"6/15/2023 5:51:58 AM","Team CC BJ Owners","25600","0.00","True","0","0","0","4",,"On"
"Team JW DJ GQ","https://firstfinancialptyltd.sharepoint.com/sites/TeamJWDJGQ","True",,"Open","0.00",,"","Team site","11/25/2024 12:00:00 AM","6/15/2023 5:52:43 AM","Team JW DJ GQ Owners","25600","0.00","True","0","0","0","10",,"On"
"Team RS","https://firstfinancialptyltd.sharepoint.com/sites/TeamRS","True",,"Open","0.00",,"","Team site","6/3/2026 12:00:00 AM","8/15/2024 2:23:12 AM","Team RS Owners","25600","0.00","True","0","0","0","8",,"On"
"Team Yellow - Big Mac Challenge","https://firstfinancialptyltd.sharepoint.com/sites/TeamYellow-BigMacChallenge","True",,"Open","0.00",,"","Team site",,"11/13/2024 6:07:56 AM","Team Yellow - Big Mac Challenge Owners","25600","0.00","True","0","0","0","2",,"On"
"Team6","https://firstfinancialptyltd.sharepoint.com/sites/Team6","False",,"Open","0.00",,"","Team site",,"5/18/2026 3:43:48 AM","Team6 Owners","25600","0.00","True","0","0","0","2",,"On"
"Termination","https://firstfinancialptyltd.sharepoint.com/sites/Termination","False",,"Open","0.00","FIRST FINANCIAL PTY LTD","","Team site (no Microsoft 365 group)",,"12/4/2024 4:32:37 AM","FIRST FINANCIAL PTY LTD","25600","0.00","False","0","0","0","2",,"Off"
"Termination Checklist","https://firstfinancialptyltd.sharepoint.com/sites/TerminationChecklist","False",,"Open","0.00","FIRST FINANCIAL PTY LTD","","Team site (no Microsoft 365 group)",,"12/4/2024 4:33:25 AM","FIRST FINANCIAL PTY LTD","25600","0.00","False","0","0","0","2",,"Off"
"Test","https://firstfinancialptyltd.sharepoint.com/sites/Test9","True",,"Open","0.00",,"","Team site","7/5/2026 12:00:00 AM","1/15/2020 10:17:57 PM","Sean Curran","25600","0.00","True","2","2","1","12",,"On"
"test","https://firstfinancialptyltd.sharepoint.com/sites/test","False",,"Open","0.00","FIRST FINANCIAL PTY LTD","","Team site (no Microsoft 365 group)",,"12/4/2024 4:33:36 AM","FIRST FINANCIAL PTY LTD","25600","0.00","False","0","0","0","2",,"Off"
"TEST","https://firstfinancialptyltd.sharepoint.com/sites/TEST979","False",,"Open","0.00","FIRST FINANCIAL PTY LTD","","Team site (no Microsoft 365 group)",,"12/4/2024 4:35:52 AM","FIRST FINANCIAL PTY LTD","25600","0.00","False","0","0","0","2",,"Off"
"test","https://firstfinancialptyltd.sharepoint.com/sites/test599","False",,"Open","0.00","FIRST FINANCIAL PTY LTD","","Team site (no Microsoft 365 group)","7/2/2026 12:00:00 AM","12/4/2024 4:33:25 AM","FIRST FINANCIAL PTY LTD","25600","0.00","False","1","1","1","2",,"Off"
"test csg","https://firstfinancialptyltd.sharepoint.com/sites/testcsg","False",,"Open","0.00","FIRST FINANCIAL PTY LTD","","Team site (no Microsoft 365 group)",,"12/4/2024 4:35:49 AM","FIRST FINANCIAL PTY LTD","25600","0.00","False","0","0","0","2",,"Off"
"Test Plan","https://firstfinancialptyltd.sharepoint.com/sites/TestPlan","False",,"Open","0.00",,"","Team site","7/2/2026 12:00:00 AM","2/10/2021 5:48:30 AM","Test Plan Owners","25600","0.00","True","1","1","1","4",,"On"
"test tasks","https://firstfinancialptyltd.sharepoint.com/sites/testtasks","True",,"Open","0.00",,"","Team site",,"11/13/2024 6:07:57 AM","test tasks Owners","25600","0.00","True","0","0","0","4",,"On"
"test team","https://firstfinancialptyltd.sharepoint.com/sites/testteam","True",,"Open","0.00",,"","Team site",,"8/28/2024 7:13:00 AM","test team Owners","25600","0.00","True","0","0","0","4",,"On"
"test team","https://firstfinancialptyltd.sharepoint.com/sites/testteam217","True",,"Open","0.00",,"","Team site",,"8/29/2024 1:43:12 AM","test team Owners","25600","0.00","True","0","0","0","4",,"On"
"Testing for cutover","https://firstfinancialptyltd.sharepoint.com/sites/testcutover","False",,"Open","0.00",,"","Team site",,"12/7/2024 5:27:11 AM","Testing for cutover Owners","25600","0.00","True","0","0","0","2",,"On"
"The Group Hub","https://firstfinancialptyltd.sharepoint.com/sites/TheGroupHub","False",,"Open","31.96",,"","Team site","7/5/2026 12:00:00 AM","4/30/2024 4:24:44 AM","The Group Hub Owners","25600","0.12","True","1166","2038","28","1068",,"On"
"The Group Hub Admins","https://firstfinancialptyltd.sharepoint.com/sites/thegrouphubadmins","False",,"Open","0.00",,"","Team site","8/24/2025 12:00:00 AM","8/21/2025 1:36:56 AM","The Group Hub Admins Owners","25600","0.00","True","0","0","0","3",,"On"
"The Jerryatrics","https://firstfinancialptyltd.sharepoint.com/sites/TheJerryatrics","True",,"Open","0.00",,"","Team site",,"11/13/2024 6:07:59 AM","The Jerryatrics Owners","25600","0.00","True","0","0","0","5",,"On"
"The Juddernaughts","https://firstfinancialptyltd.sharepoint.com/sites/TheJuddernaughts","True",,"Open","0.00",,"","Team site",,"11/13/2024 6:07:55 AM","The Juddernaughts Owners","25600","0.00","True","0","0","0","5",,"On"
"The Pod","https://firstfinancialptyltd.sharepoint.com/sites/ThePod","True",,"Open","0.00",,"","Team site",,"11/13/2024 6:07:20 AM","The Pod Owners","25600","0.00","True","0","0","0","5",,"On"
"Times Tables","https://firstfinancialptyltd.sharepoint.com/sites/TimesTables","True",,"Open","0.00",,"","Team site",,"11/13/2024 6:08:02 AM","Times Tables Owners","25600","0.00","True","0","0","0","5",,"On"
"TO DO","https://firstfinancialptyltd.sharepoint.com/sites/TODO","False",,"Open","0.00",,"","Team site","7/30/2024 12:00:00 AM","2/10/2021 10:22:52 PM","TO DO Owners","25600","0.00","True","0","0","0","13",,"On"
"To Do List","https://firstfinancialptyltd.sharepoint.com/sites/ToDoList","False",,"Open","0.00","FIRST FINANCIAL PTY LTD","","Team site (no Microsoft 365 group)",,"12/4/2024 4:32:42 AM","FIRST FINANCIAL PTY LTD","25600","0.00","False","0","0","0","2",,"Off"
"To Do List","https://firstfinancialptyltd.sharepoint.com/sites/ToDoList778","False",,"Open","0.00","FIRST FINANCIAL PTY LTD","","Team site (no Microsoft 365 group)",,"12/4/2024 4:33:16 AM","FIRST FINANCIAL PTY LTD","25600","0.00","False","0","0","0","2",,"Off"
"VersionCleanup","https://firstfinancialptyltd.sharepoint.com/sites/VersionCleanup","False",,"Open","0.01","Mohit Joshi","","Communication site",,"7/7/2026 7:39:47 AM","Mohit Joshi","25600","0.00","False",,,,,,"Off"
"W&S Client Service Team","https://firstfinancialptyltd.sharepoint.com/sites/WSClientServiceTeam","True",,"Open","1.03",,"","Team site","7/2/2026 12:00:00 AM","11/10/2025 5:29:09 AM","W&S Client Service Team Owners","25600","0.00","True","3","7","3","135",,"On"
"Wealth Management","https://firstfinancialptyltd.sharepoint.com/sites/WealthManagement","True",,"Open","1222.77",,"","Team site","7/5/2026 12:00:00 AM","7/18/2022 1:02:19 AM","Wealth Management Owners","25600","4.78","True","19266","1473","16","1060000",,"On"
"Wealth Management - June Restore","https://firstfinancialptyltd.sharepoint.com/sites/WealthManagement-JuneRestore","True",,"Open","64.95",,"","Team site","7/5/2026 12:00:00 AM","6/24/2026 6:06:55 AM","Wealth Management - June Restore Owners","25600","0.25","True","2","5","2","75983",,"On"
"Webinar Content","https://firstfinancialptyltd.sharepoint.com/sites/NewXplanLayout2","True",,"Open","0.00",,"","Team site",,"12/7/2024 6:43:20 AM","Webinar Content Owners","25600","0.00","True","0","0","0","3",,"On"
"Whittle & Skok","https://firstfinancialptyltd.sharepoint.com/sites/WhittleSkok","True","3","Open","459.44",,"","Team site","7/5/2026 12:00:00 AM","11/2/2025 11:08:24 PM","Whittle & Skok Owners","25600","1.79","True","2484","50","8","228887",,"On"
"Wholesale Distribution","https://firstfinancialptyltd.sharepoint.com/sites/WholesaleDistribution","False",,"Open","0.00","FIRST FINANCIAL PTY LTD","","Team site (no Microsoft 365 group)",,"12/4/2024 4:33:18 AM","FIRST FINANCIAL PTY LTD","25600","0.00","False","0","0","0","2",,"Off"
"Workflow","https://firstfinancialptyltd.sharepoint.com/sites/Workflow","False",,"Open","0.00",,"","Team site","7/30/2024 12:00:00 AM","4/30/2024 6:29:36 AM","Workflow Owners","25600","0.00","True","0","0","0","2",,"On"
"Xplan SharePoint Access","https://firstfinancialptyltd.sharepoint.com/sites/xplan-sharepoint-group","False",,"Open","0.00",,"","Team site","8/19/2024 12:00:00 AM","8/16/2022 1:45:53 AM","Xplan SharePoint Access Owners","25600","0.00","True","0","0","0","8",,"On"
